Time,URL,Test Result,Status Code,Response Time,Response Validation
2026-08-24 06:53:36,https://jsonplaceholder.typicode.com/users,PASS,200,171
2026-08-25 21:21:41,https://jsonplaceholder.typicode.com/not-a-real-page,FAIL,404,225
2026-08-25 21:25:03,https://jsonplaceholder.typicode.com/not-a-real-page,FAIL,404,164
2026-08-31 21:01:50,https://jsonplaceholder.typicode.com/users,PASS,200,170
2026-08-31 21:04:47,https://jsonplaceholder.typicode.com/posts,PASS,200,139
2026-09-05 10:10:33,https://api.github.com,PASS,200,195
2026-09-05 10:44:33,https://jsonplaceholder.typicode.com/users,PASS,200,222
2026-09-05 10:45:21,https://api.github.com,PASS,200,164
2026-09-05 10:45:30,https://jsonplaceholder.typicode.com/users,PASS,200,115
2026-09-05 10:45:30,https://jsonplaceholder.typicode.com/posts,PASS,200,115
2026-09-05 10:47:13,https://jsonplaceholder.typicode.com/users,PASS,200,177
2026-09-05 10:47:46,https://jsonplaceholder.typicode.com/users,PASS,200,126
2026-09-05 10:47:59,https://api.github.com,PASS,200,140
2026-09-05 10:48:02,https://jsonplaceholder.typicode.com/users,PASS,200,151
2026-09-05 10:48:02,https://jsonplaceholder.typicode.com/posts,PASS,200,117
2026-09-05 11:04:20,https://jsonplaceholder.typicode.com/users,PASS,200,145
2026-09-05 11:04:20,https://jsonplaceholder.typicode.com/posts,PASS,200,118
2026-09-05 11:05:20,https://jsonplaceholder.typicode.com/users,PASS,200,117
2026-09-05 11:05:20,https://jsonplaceholder.typicode.com/posts,PASS,200,115
2026-09-05 13:04:42,https://jsonplaceholder.typicode.com/users,PASS,200,160
2026-09-05 13:04:42,https://jsonplaceholder.typicode.com/posts,PASS,200,121
2026-09-05 13:06:37,https://jsonplaceholder.typicode.com/users,PASS,200,123
2026-09-05 13:06:37,https://jsonplaceholder.typicode.com/posts,PASS,200,119
2026-09-05 13:07:54,https://jsonplaceholder.typicode.com/users,PASS,200,140
2026-09-05 13:07:55,https://jsonplaceholder.typicode.com/posts,PASS,200,125
2026-09-05 13:09:03,https://jsonplaceholder.typicode.com/users,PASS,200,146
2026-09-05 13:09:03,https://jsonplaceholder.typicode.com/posts,PASS,200,128
2026-09-05 13:10:17,https://this-domain-does-not-exist-12345.com,,,
2026-09-05 13:12:53,https://this-domain-does-not-exist-12345.com,,,
2026-09-05 13:15:04,https://jsonplaceholder.typicode.com/users,PASS,200,145
2026-09-05 13:15:04,https://jsonplaceholder.typicode.com/posts,PASS,200,115
2026-09-05 13:15:23,https://this-domain-does-not-exist-12345.com,,,
2026-09-05 13:19:34,https://jsonplaceholder.typicode.com/users,PASS,200,106
2026-09-05 13:19:34,https://jsonplaceholder.typicode.com/posts,PASS,200,111
2026-09-05 13:21:14,https://jsonplaceholder.typicode.com/users,PASS,200,117
2026-09-05 13:21:14,https://jsonplaceholder.typicode.com/posts,PASS,200,126
2026-09-05 13:22:51,https://jsonplaceholder.typicode.com/users,PASS,200,131
2026-09-05 13:22:51,https://jsonplaceholder.typicode.com/posts,PASS,200,101
2026-09-05 13:24:38,https://jsonplaceholder.typicode.com/users,PASS,200,123
2026-09-05 13:24:39,https://jsonplaceholder.typicode.com/posts,PASS,200,117
2026-09-05 20:28:57,https://jsonplaceholder.typicode.com/users,PASS,200,242
2026-09-05 20:41:31,https://jsonplaceholder.typicode.com/users,PASS,200,149
2026-09-06 17:24:08,https://jsonplaceholder.typicode.com/users,PASS,200,131,True
2026-09-06 17:26:53,https://jsonplaceholder.typicode.com/users,PASS,200,112,PASS
2026-09-06 17:33:33,https://example.com,FAIL,200,111,FAIL
2026-09-07 15:48:52,https://jsonplaceholder.typicode.com/users,PASS,200,147,PASS
2026-09-07 15:49:20,https://jsonplaceholder.typicode.com/users,FAIL,200,120,PASS
2026-09-07 15:49:43,https://jsonplaceholder.typicode.com/users,PASS,200,104,PASS
2026-09-07 16:05:01,https://jsonplaceholder.typicode.com/users,PASS,200,123,PASS,id,PASS
2026-09-08 18:00:53,https://jsonplaceholder.typicode.com/users,PASS,200,179,PASS,id,PASS
2026-09-08 18:01:49,https://jsonplaceholder.typicode.com/users,FAIL,200,133,PASS,foobar,FAIL
2026-09-09 20:58:13,https://jsonplaceholder.typicode.com/users,PASS,200,147,PASS,id,PASS
2026-09-09 20:58:21,https://jsonplaceholder.typicode.com/users,FAIL,200,116,PASS,foobar,FAIL
2026-09-09 20:58:28,https://jsonplaceholder.typicode.com/users,PASS,200,125,PASS,,PASS
